<?xml version="1.0" encoding="UTF-8"?>
<project version="4">
  <component name="AutoImportSettings">
    <option name="autoReloadType" value="SELECTIVE" />
  </component>
  <component name="ChangeListManager">
    <list default="true" id="5cbeb6e1-c874-4a66-b001-590a112400ae" name="Changes" comment="" />
    <option name="SHOW_DIALOG" value="false" />
    <option name="HIGHLIGHT_CONFLICTS" value="true" />
    <option name="HIGHLIGHT_NON_ACTIVE_CHANGELIST" value="false" />
    <option name="LAST_RESOLUTION" value="IGNORE" />
  </component>
  <component name="FileTemplateManagerImpl">
    <option name="RECENT_TEMPLATES">
      <list>
        <option value="Class" />
      </list>
    </option>
  </component>
  <component name="HighlightingSettingsPerFile">
    <setting file="file://$PROJECT_DIR$/EntradaComScanner.java" root0="FORCE_HIGHLIGHTING" />
  </component>
  <component name="ProjectColorInfo"><![CDATA[{
  "associatedIndex": 0
}]]></component>
  <component name="ProjectId" id="2dunWGzc7zalky4IHgHPwoHyGAo" />
  <component name="ProjectViewState">
    <option name="hideEmptyMiddlePackages" value="true" />
    <option name="showLibraryContents" value="true" />
  </component>
  <component name="PropertiesComponent"><![CDATA[{
  "keyToString": {
    "Application.CorversorDeTipos.executor": "Run",
    "Application.TiposPrimitivos.executor": "Run",
    "RunOnceActivity.OpenProjectViewOnStart": "true",
    "RunOnceActivity.ShowReadmeOnStart": "true",
    "kotlin-language-version-configured": "true",
    "last_opened_file_path": "C:/Users/jean_3925/Documents/códigos de revisão JAVA"
  }
}]]></component>
  <component name="RunManager">
    <configuration name="CorversorDeTipos" type="Application" factoryName="Application" temporary="true" nameIsGenerated="true">
      <option name="MAIN_CLASS_NAME" value="CorversorDeTipos" />
      <module name="códigos de revisão JAVA" />
      <method v="2">
        <option name="Make" enabled="true" />
      </method>
    </configuration>
    <recent_temporary>
      <list>
        <item itemvalue="Application.CorversorDeTipos" />
      </list>
    </recent_temporary>
  </component>
  <component name="SharedIndexes">
    <attachedChunks>
      <set>
        <option value="jdk-17.0.10-corretto-17.0.10-4caba194b151-5cd809f4" />
      </set>
    </attachedChunks>
  </component>
  <component name="SpellCheckerSettings" RuntimeDictionaries="0" Folders="0" CustomDictionaries="0" DefaultDictionary="application-level" UseSingleDictionary="true" transferred="true" />
  <component name="TaskManager">
    <task active="true" id="Default" summary="Default task">
      <changelist id="5cbeb6e1-c874-4a66-b001-590a112400ae" name="Changes" comment="" />
      <created>1710866861104</created>
      <option name="number" value="Default" />
      <option name="presentableId" value="Default" />
      <updated>1710866861104</updated>
    </task>
    <servers />
  </component>
</project>